Hello Scotland	Ef	RATED (mk4) 0950 <100> <= [95]
The Raven That Refused to Sing	Steven Wilson	RATED (mk4) 0948 <100> <= [100,94,94,94]
Dust and Disquiet	Caspian	RATED (mk4) 0946 <100> <= [100,96,90,95]
Creep	Radiohead	RATED (mk4) 0946 <100> <= [100,95,94,93]
Yes	Aereogramme	RATED (mk4) 0946 <100> <= [100,91]
Worlds on Fire	The Butterfly Effect	RATED (mk4) 0946 <100> <= [100,91]
Welcome To The Black Parade	My Chemical Romance	RATED (mk4) 0946 <100> <= [100,91]
Universal	Anathema	RATED (mk4) 0946 <100> <= [100,91]
Sorceress	Opeth	RATED (mk4) 0946 <100> <= [100,91]
Routine	Steven Wilson	RATED (mk4) 0946 <100> <= [100,91]
Orison	Soen	RATED (mk4) 0946 <100> <= [100,91]
Mogwai Fear Satan	Mogwai	RATED (mk4) 0946 <100> <= [100,91]
Matroshka (The Ornament)	Dredg	RATED (mk4) 0946 <100> <= [100,91]
Kepler	Ohgod!	RATED (mk4) 0946 <100> <= [100,91]
Bloodtest	Amplifier	RATED (mk4) 0946 <100> <= [100,91]
As The Smoke Clears	Oceansize	RATED (mk4) 0946 <100> <= [100,91]
Abyss	Jambinai	RATED (mk4) 0946 <100> <= [100,91]
Anesthetize	Porcupine Tree	RATED (mk4) 0946 <100> <= [100,90,94]
Amputee	Oceansize	RATED (mk4) 0944 <100> <= [100,91,93]
Madness	Muse	RATED (mk4) 0943 <100> <= [100,95,90]
Unmake the Wild Light	65daysofstatic	RATED (mk4) 0943 <100> <= [100,94,92,96,93]
Atrocity Exhibition	Joy Division	RATED (mk4) 0942 <100> <= [93,95]
All I Need	Radiohead	RATED (mk4) 0941 <100> <= [100,92,95,93]
Suddenly	Black Rebel Motorcycle Club	RATED (mk4) 0941 <100> <= [100,90,93]
Minerva	Deftones	RATED (mk4) 0941 <100> <= [100,90,93]
Where the River Goes	Amplifier	RATED (mk4) 0940 <100> <= [100,90]
Themata	Karnivool	RATED (mk4) 0940 <100> <= [100,90]
She’s Gone Away	Nine Inch Nails	RATED (mk4) 0940 <100> <= [100,90]
Serak	Recondite	RATED (mk4) 0940 <100> <= [100,90]
Remurdered	Mogwai	RATED (mk4) 0940 <100> <= [100,90]
Post War Saturday Echo	Quatermass	RATED (mk4) 0940 <100> <= [100,90]
Politik	Coldplay	RATED (mk4) 0940 <100> <= [100,90]
Ode To The Sun	Dredg	RATED (mk4) 0940 <100> <= [100,90]
Normal	Porcupine Tree	RATED (mk4) 0940 <100> <= [100,90]
Memorial (feat. Chelsea Wolfe)	Russian Circles	RATED (mk4) 0940 <100> <= [100,90]
Many of Horror (Live At Wembley)	Biffy Clyro	RATED (mk4) 0940 <100> <= [100,90]
Mantra	Dave Grohl, Joshua Homme & Trent Reznor	RATED (mk4) 0940 <100> <= [100,90]
Everyday	Clann Zu	RATED (mk4) 0940 <100> <= [100,90]
Drunkship Of Lanterns	The Mars Volta	RATED (mk4) 0940 <100> <= [100,90]
Change	Karnivool	RATED (mk4) 0940 <100> <= [100,90]
As Each End Looms And Subsides	Red Sparowes	RATED (mk4) 0940 <100> <= [100,90]
Amends	Vennart	RATED (mk4) 0940 <100> <= [100,90]
Ænema	Tool	RATED (mk4) 0940 <100> <= [100,90]
Here Is No Why	Smashing Pumpkins	RATED (mk4) 0940 <100> <= [94]
The Tourist	Radiohead	RATED (mk4) 0939 <100> <= [100,92,91]
Nuit Noire	Lost in Kiev	RATED (mk4) 0939 <100> <= [100,92,91]
How to Disappear Completely	Radiohead	RATED (mk4) 0939 <100> <= [100,92,91]
Cover Me	Candlebox	RATED (mk4) 0939 <100> <= [100,92,91]
Waiting Room	Fugazi	RATED (mk4) 0937 <100> <= [100,96,88]
Far Behind	Candlebox	RATED (mk4) 0937 <100> <= [100,90,92]
Victory (feat. Crippled Black Phoenix)	Crippled Black Phoenix	RATED (mk4) 0937 <100> <= [92,95,94]
Wood	Aereogramme	RATED (mk4) 0936 <99> <= [100,94,89]
The Porcupine Dilemma	The Chasing Monster	RATED (mk4) 0934 <99> <= [100,92,90]
Devil's Dance Floor	Flogging Molly	RATED (mk4) 0934 <99> <= [100,92,90]
All That You've Ever Known	Clann Zu	RATED (mk4) 0934 <99> <= [100,92,89,95]
Waiting in the Wings	Skena	RATED (mk4) 0934 <99> <= [100,89]
Scram	Mogwai	RATED (mk4) 0934 <99> <= [100,89]
Sanzen (Album Version)	Dredg	RATED (mk4) 0934 <99> <= [100,89]
Rotten Memories	Crippled Black Phoenix	RATED (mk4) 0934 <99> <= [100,89]
Rf 104	Mooncake	RATED (mk4) 0934 <99> <= [100,89]
Punchline	Chevelle	RATED (mk4) 0934 <99> <= [100,89]
pills	Archive	RATED (mk4) 0934 <99> <= [100,89]
Oro	Cult of Luna	RATED (mk4) 0934 <99> <= [100,89]
Long Forgotten	Oceansize	RATED (mk4) 0934 <99> <= [100,89]
In Exile	Thrice	RATED (mk4) 0934 <99> <= [100,89]
Ghost Love Score	Nightwish	RATED (mk4) 0934 <99> <= [100,89]
Dreams And Bridges	Aereogramme	RATED (mk4) 0934 <99> <= [100,89]
The Boxer	Editors	RATED (mk4) 0934 <99> <= [100,89]
Bohemian Rhapsody	Queen	RATED (mk4) 0934 <99> <= [100,89]
Blackstar	David Bowie	RATED (mk4) 0934 <99> <= [100,89]
Black Heart	Calexico	RATED (mk4) 0934 <99> <= [100,89]
Ikaros	pg.lost	RATED (mk4) 0932 <99> <= [95,92]
Indifference	Pearl Jam	RATED (mk4) 0932 <99> <= [92,94]
Many Of Horror	Biffy Clyro	RATED (mk4) 0931 <99> <= [100,91,90]
A Life Worth Living	Aereogramme	RATED (mk4) 0931 <99> <= [100,88,92]
Everlong	Foo Fighters	RATED (mk4) 0930 <99> <= [100,95,92,90]
Tusk	Fleetwood Mac	RATED (mk4) 0930 <99> <= [100,92,89]
I Gave You All	Mumford & Sons	RATED (mk4) 0930 <99> <= [100,92,89]
Threads	Portishead	RATED (mk4) 0930 <99> <= [93]
Tensioning	Sparta	RATED (mk4) 0930 <99> <= [93]
A Prayer For England	Massive Attack	RATED (mk4) 0930 <99> <= [93]
Insomnia	Faithless	RATED (mk4) 0930 <99> <= [93]
Clandestine Eyes	Soup	RATED (mk4) 0930 <99> <= [93]
Brief Exchange (From DC's Dark Nights: Metal Soundtrack)	Chino Moreno	RATED (mk4) 0930 <99> <= [93]
Blackest Eyes	Porcupine Tree	RATED (mk4) 0930 <99> <= [93]
Resolve	Jakob	RATED (mk4) 0929 <99> <= [100,93,88]
Collapse/Collide	Archive	RATED (mk4) 0929 <99> <= [100,90,90]
Would	Alice In Chains	RATED (mk4) 0928 <99> <= [100,92,91,92]
Threads	This Will Destroy You	RATED (mk4) 0928 <99> <= [100,88]
This Time Imperfect	AFI	RATED (mk4) 0928 <99> <= [100,88]
Spitshine	Dredg	RATED (mk4) 0928 <99> <= [100,88]
River	Opeth	RATED (mk4) 0928 <99> <= [100,88]
Pull Me Back In	A Mote Of Dust	RATED (mk4) 0928 <99> <= [100,88]
The Numbers	Radiohead	RATED (mk4) 0928 <99> <= [100,88]
I Am A River	Foo Fighters	RATED (mk4) 0928 <99> <= [100,88]
H.	Tool	RATED (mk4) 0928 <99> <= [100,88]
Don't Know When but a Day Is Gonna Come	Bright Eyes	RATED (mk4) 0928 <99> <= [100,88]
Brother	Alice in Chains	RATED (mk4) 0928 <99> <= [100,88]
Bricks And Mortar	Editors	RATED (mk4) 0928 <99> <= [100,88]
3 Libras	A Perfect Circle	RATED (mk4) 0927 <99> <= [100,88,91]
Moonpigs	Blackmail	RATED (mk4) 0926 <99> <= [100,89,90]
Fire Made Flesh	Caspian	RATED (mk4) 0925 <99> <= [80,90,93,98]
Women Who Love Men Who Love Drugs	Oceansize	RATED (mk4) 0922 <99> <= [100,87]
Whiteout	Warpaint	RATED (mk4) 0922 <99> <= [100,87]
Where We Begin	MONO	RATED (mk4) 0922 <99> <= [100,87]
Together We Will End This All	Cire	RATED (mk4) 0922 <99> <= [100,87]
The Lost Song, Pt. 1	Anathema	RATED (mk4) 0922 <99> <= [100,87]
Return To Gulu	*Shels	RATED (mk4) 0922 <99> <= [100,87]
The One You Left to Die	The Pineapple Thief	RATED (mk4) 0922 <99> <= [100,87]
Non-Zero Possibility	At the Drive-In	RATED (mk4) 0922 <99> <= [100,87]
Hungry Ghosts	Ohgod!	RATED (mk4) 0922 <99> <= [100,87]
Dangervisit	Archive	RATED (mk4) 0922 <99> <= [100,87]
Abyssopelagic II: Signals of Anxiety	The Ocean	RATED (mk4) 0922 <99> <= [100,87]
Heat Death Infinity Splitter	65daysofstatic	RATED (mk4) 0921 <99> <= [100,86,91]
Closer	Kings Of Leon	RATED (mk4) 0921 <99> <= [100,86,91]
Welcome To Heartlight	Kenny Loggins	RATED (mk4) 0920 <99> <= [92]
Tear	Smashing Pumpkins	RATED (mk4) 0920 <99> <= [92]
Take The Veil Cerpin Taxt	The Mars Volta	RATED (mk4) 0920 <99> <= [92]
Prodigal Son	Iron Maiden	RATED (mk4) 0920 <99> <= [92]
Of a Lifetime	Crippled Black Phoenix	RATED (mk4) 0920 <99> <= [92]
Longview	Green Day	RATED (mk4) 0920 <99> <= [92]
Light Burns Clear	Sparta	RATED (mk4) 0920 <99> <= [92]
Let Me Out	Black Map	RATED (mk4) 0920 <99> <= [92]
Immortality	Pearl Jam	RATED (mk4) 0920 <99> <= [92]
Future Warrior	Palms	RATED (mk4) 0920 <99> <= [92]
Deja vu	Iron Maiden	RATED (mk4) 0920 <99> <= [92]
Gabriel	Lamb	RATED (mk4) 0920 <99> <= [89,94]
Try to Disappear	Baroness	RATED (mk4) 0919 <99> <= [100,91,87]
White Blank Page	Mumford & Sons	RATED (mk4) 0916 <99> <= [100,86]
SuperImposter	Oceansize	RATED (mk4) 0916 <99> <= [100,86]
Splitter	Calexico	RATED (mk4) 0916 <99> <= [100,86]
Skin	Marriages	RATED (mk4) 0916 <99> <= [100,86]
Rano Pano	Mogwai	RATED (mk4) 0916 <99> <= [100,86]
The Quiet Observer	The Ocean	RATED (mk4) 0916 <99> <= [100,86]
Planet Of Insects	Amplifier	RATED (mk4) 0916 <99> <= [100,86]
Mirrors	Lost in Kiev	RATED (mk4) 0916 <99> <= [100,86]
Mary Rose	Amplifier	RATED (mk4) 0916 <99> <= [100,86]
Here We Are Juggernaut	Coheed and Cambria	RATED (mk4) 0916 <99> <= [100,86]
Heard About You Last Night	Mogwai	RATED (mk4) 0916 <99> <= [100,86]
Happiness III	Steven Wilson	RATED (mk4) 0916 <99> <= [100,86]
Diamond Eyes	Deftones	RATED (mk4) 0916 <99> <= [100,86]
All We Are	Lou Rhodes	RATED (mk4) 0916 <99> <= [100,86]
Castles High, Marble Bright	Caspian	RATED (mk4) 0916 <99> <= [88,94]
Ri Ra	Clann Zu	RATED (mk4) 0914 <99> <= [100,91,86]
Fault Line	Black Rebel Motorcycle Club	RATED (mk4) 0913 <99> <= [100,83,91]
Look Away Lucifer	Madrugada	RATED (mk4) 0912 <99> <= [93,90]
Orion	Metallica	RATED (mk4) 0912 <99> <= [90,92]
When the Mountain Comes to Muhammad	Russian Circles	RATED (mk4) 0911 <99> <= [100,84,90]
Come As You Are	Nirvana	RATED (mk4) 0910 <99> <= [100,93,94,87,88]
Same Ol' Road (Album Version)	Dredg	RATED (mk4) 0910 <99> <= [100,88,87]
Yatahaze	Dredg	RATED (mk4) 0910 <99> <= [100,85]
Wheels	Foo Fighters	RATED (mk4) 0910 <99> <= [100,85]
Retaliate	Vennart	RATED (mk4) 0910 <99> <= [100,85]
Pariah (feat. Ninet Tayeb)	Steven Wilson	RATED (mk4) 0910 <99> <= [100,85]
Neon	Amplifier	RATED (mk4) 0910 <99> <= [100,85]
Megalomaniac	Incubus	RATED (mk4) 0910 <99> <= [100,85]
Lonely Boy	The Black Keys	RATED (mk4) 0910 <99> <= [100,85]
Lock All the Doors	Noel Gallagher's High Flying Birds	RATED (mk4) 0910 <99> <= [100,85]
Hornett	All the Saints	RATED (mk4) 0910 <99> <= [100,85]
Hindsight	Anathema	RATED (mk4) 0910 <99> <= [100,85]
Hex Omega	Opeth	RATED (mk4) 0910 <99> <= [100,85]
The Broken	Coheed and Cambria	RATED (mk4) 0910 <99> <= [100,85]
You're Lionel Ritchie	Mogwai	RATED (mk4) 0910 <99> <= [91]
The Willing Well IV: The Final Cut	Coheed and Cambria	RATED (mk4) 0910 <99> <= [91]
Transient Days	Soup	RATED (mk4) 0910 <99> <= [91]
Strange World	Iron Maiden	RATED (mk4) 0910 <99> <= [91]
Sentimental	Porcupine Tree	RATED (mk4) 0910 <99> <= [91]
Mortal Coil	God Is an Astronaut	RATED (mk4) 0910 <99> <= [91]
Jeremy	Pearl Jam	RATED (mk4) 0910 <99> <= [91]
The Great Below	Nine Inch Nails	RATED (mk4) 0910 <99> <= [91]
God Break Down the Door	Nine Inch Nails	RATED (mk4) 0910 <99> <= [91]
Pioneer to The Falls	Interpol	RATED (mk4) 0909 <98> <= [100,89,86]
Stranded	GOJIRA	RATED (mk4) 0908 <98> <= [100,98,80,90,93]
Anthem for No State, Pt. III	Godspeed You! Black Emperor	RATED (mk4) 0908 <98> <= [100,89,92,88]
Red Flag	Billy Talent	RATED (mk4) 0907 <98> <= [100,90,85]
Circle The Fringes	The Gutter Twins	RATED (mk4) 0907 <98> <= [100,84,89]
All Is Full Of Love	Bjork	RATED (mk4) 0907 <98> <= [100,84,89]
Wildfires	Anathema	RATED (mk4) 0906 <98> <= [100,88,86]
Room Without a View	The Butterfly Effect	RATED (mk4) 0906 <98> <= [100,85,88]
Little Lion Man	Mumford & Sons	RATED (mk4) 0906 <98> <= [100,82,90]
Unfinished Sympathies	Massive Attack	RATED (mk4) 0906 <98> <= [93,89]
When The Sun Rose Again	Alice In Chains	RATED (mk4) 0904 <98> <= [100,86,87]
Viking Death March	Billy Talent	RATED (mk4) 0904 <98> <= [100,84]
Sun	Lamb	RATED (mk4) 0904 <98> <= [100,84]
Steambreather	Mastodon	RATED (mk4) 0904 <98> <= [100,84]
Simple as That	The Pineapple Thief	RATED (mk4) 0904 <98> <= [100,84]
Roland, I Feel You	Get Well Soon	RATED (mk4) 0904 <98> <= [100,84]
Mota	Russian Circles	RATED (mk4) 0904 <98> <= [100,84]
Method Acting	Bright Eyes	RATED (mk4) 0904 <98> <= [100,84]
Firebreather	Thrice	RATED (mk4) 0904 <98> <= [100,84]
Drawing the Line	Porcupine Tree	RATED (mk4) 0904 <98> <= [100,84]
DISKPREPT1	Aphex Twin	RATED (mk4) 0904 <98> <= [100,84]
Departure / Shortwave / Noisetest	65daysofstatic	RATED (mk4) 0904 <98> <= [100,84]
Coffee & TV	Blur	RATED (mk4) 0904 <98> <= [100,84]
Christmas Steps	Mogwai	RATED (mk4) 0904 <98> <= [100,84]
As Dust Dances (Live At Wembley)	Biffy Clyro	RATED (mk4) 0904 <98> <= [100,84]
Army Of Me	Bjork	RATED (mk4) 0904 <98> <= [100,84]
After the Flood	Mogwai	RATED (mk4) 0904 <98> <= [100,84]
Refuge	Steven Wilson	RATED (mk4) 0904 <98> <= [88,92]
Best Of You	Foo Fighters	RATED (mk4) 0901 <98> <= [100,88,86,91]
Head up High	Black Rebel Motorcycle Club	RATED (mk4) 0900 <98> <= [100,89,84]
Goliath	Karnivool	RATED (mk4) 0900 <98> <= [100,89,84]
The Fragile	Nine Inch Nails	RATED (mk4) 0900 <98> <= [93,88]
While Oceana Sleeps	Sparta	RATED (mk4) 0900 <98> <= [90]
Where Is My Mind?	Pixies	RATED (mk4) 0900 <98> <= [90]
Stagger Lee	Nick Cave & The Bad Seeds	RATED (mk4) 0900 <98> <= [90]
Sleep Together	Porcupine Tree	RATED (mk4) 0900 <98> <= [90]
Since I've Been Loving You	Led Zeppelin	RATED (mk4) 0900 <98> <= [90]
Rime Of The Ancient Mariner	Iron Maiden	RATED (mk4) 0900 <98> <= [90]
Our Common Ground	Soup	RATED (mk4) 0900 <98> <= [90]
Neoarchaean	The Ocean	RATED (mk4) 0900 <98> <= [90]
Heart And Soul	Joy Division	RATED (mk4) 0900 <98> <= [90]
Gravity Eyelids	Porcupine Tree	RATED (mk4) 0900 <98> <= [90]
Darkness	Rage Against the Machine	RATED (mk4) 0900 <98> <= [90]
Casuar	Blancah	RATED (mk4) 0900 <98> <= [90]
H a r m o n i c	Behind the Shadow Drops	RATED (mk4) 0900 <98> <= [90,90]
They Keep Silence	Jambinai	RATED (mk4) 0899 <98> <= [100,87,85]
21st Century Digital Boy	Bad Religion	RATED (mk4) 0898 <98> <= [100,83]
Zeitgeist	Black Sabbath	RATED (mk4) 0898 <98> <= [100,83]
Willow Tree	Bruce Soord	RATED (mk4) 0898 <98> <= [100,83]
Travel Is Dangerous	Mogwai	RATED (mk4) 0898 <98> <= [100,83]
Telegram (Nature's Mischief)	Steamhammer	RATED (mk4) 0898 <98> <= [100,83]
Spiral Jetty - ego sto solus -	...And You Will Know Us By The Trail Of Dead	RATED (mk4) 0898 <98> <= [100,83]
The Salted Tongue	31knots	RATED (mk4) 0898 <98> <= [100,83]
Rope	Foo Fighters	RATED (mk4) 0898 <98> <= [100,83]
Reflektor	Arcade Fire	RATED (mk4) 0898 <98> <= [100,83]
Pure Radio Cosplay - ego sto solus -	...And You Will Know Us By The Trail Of Dead	RATED (mk4) 0898 <98> <= [100,83]
Polly	Nirvana	RATED (mk4) 0898 <98> <= [100,83]
Pattern Against User	At the Drive-In	RATED (mk4) 0898 <98> <= [100,83]
No Man's Land	The Pineapple Thief	RATED (mk4) 0898 <98> <= [100,83]
No Excuses	Alice In Chains	RATED (mk4) 0898 <98> <= [100,83]
Memorial	Explosions In the Sky	RATED (mk4) 0898 <98> <= [100,83]
Like Treasure	Editors	RATED (mk4) 0898 <98> <= [100,83]
Ful Stop	Radiohead	RATED (mk4) 0898 <98> <= [100,83]
Faith Alone	Bad Religion	RATED (mk4) 0898 <98> <= [100,83]
Elephants	Blaudzun	RATED (mk4) 0898 <98> <= [100,83]
Build Us A Rocket Then...	Oceansize	RATED (mk4) 0898 <98> <= [100,83]
As Dust Dances (contains bonus hidden track '2/15ths')	Biffy Clyro	RATED (mk4) 0898 <98> <= [100,83]
Anesthetize	Porcupine Tree	RATED (mk4) 0898 <98> <= [100,83]
Altar of God	Boysetsfire	RATED (mk4) 0898 <98> <= [100,83]
Across The Wire	Calexico	RATED (mk4) 0898 <98> <= [100,83]
Rano Pano	Mogwai	RATED (mk4) 0897 <98> <= [80,96,92]
A Greater Call	Cult of Luna & Julie Christmas	RATED (mk4) 0896 <98> <= [80,96]
Buying New Soul	Porcupine Tree	RATED (mk4) 0895 <98> <= [100,91,91,84]
Brena	A Perfect Circle	RATED (mk4) 0893 <98> <= [100,83,89,90]
7 Days	The Butterfly Effect	RATED (mk4) 0892 <98> <= [100,82]
Weightless	Long Distance Calling	RATED (mk4) 0892 <98> <= [100,82]
Take My Bones Away	Baroness	RATED (mk4) 0892 <98> <= [100,82]
Springfield	Anathema	RATED (mk4) 0892 <98> <= [100,82]
Singing Saw	Kevin Morby	RATED (mk4) 0892 <98> <= [100,82]
Pictures of an Only Child	...And You Will Know Us by the Trail of Dead	RATED (mk4) 0892 <98> <= [100,82]
Of Dust and Nations	Thrice	RATED (mk4) 0892 <98> <= [100,82]
A Mass for Metaphysicians	Junius	RATED (mk4) 0892 <98> <= [100,82]
Marked for Death	Emma Ruth Rundle	RATED (mk4) 0892 <98> <= [100,82]
Hurricane	Thrice	RATED (mk4) 0892 <98> <= [100,82]
Golden Ratio	Amplifier	RATED (mk4) 0892 <98> <= [100,82]
Giving Birth To Imagined Saviors	Red Sparowes	RATED (mk4) 0892 <98> <= [100,82]
For the Money	Editors	RATED (mk4) 0892 <98> <= [100,82]
Escape The Nest	Editors	RATED (mk4) 0892 <98> <= [100,82]
Autre temps	Alcest	RATED (mk4) 0892 <98> <= [100,82]
Black & Gold	Sivert Høyem	RATED (mk4) 0892 <98> <= [88,90]
Down in a Hole	Alice in Chains	RATED (mk4) 0891 <98> <= [100,90,92,83]
The Doomed	A Perfect Circle	RATED (mk4) 0891 <98> <= [100,84,86,91]
Pyre	O.R.k.	RATED (mk4) 0890 <98> <= [92,87]
Zombie Eaters	Faith no More	RATED (mk4) 0890 <98> <= [89]
Tequila Sunrise	Cypress Hill	RATED (mk4) 0890 <98> <= [89]
The Sound of Muzak	Porcupine Tree	RATED (mk4) 0890 <98> <= [89]
Soldier Side	System of a Down	RATED (mk4) 0890 <98> <= [89]
Prelude 3.0	Slipknot	RATED (mk4) 0890 <98> <= [89]
Outside	Staind	RATED (mk4) 0890 <98> <= [89]
Off He Goes	Pearl Jam	RATED (mk4) 0890 <98> <= [89]
Mexico	Incubus	RATED (mk4) 0890 <98> <= [89]
Little Sister	Queens Of The Stone Age	RATED (mk4) 0890 <98> <= [89]
Everything's Ruined	Faith no More	RATED (mk4) 0890 <98> <= [89]
The Devil Went Down To Georgia	Primus	RATED (mk4) 0890 <98> <= [89]
Calendula	Microtrauma & Ryan Davis	RATED (mk4) 0890 <98> <= [89]
The Arsonist	Thrice	RATED (mk4) 0890 <98> <= [89]
Blood on the Tightrope	Lunatic Soul	RATED (mk4) 0889 <97> <= [100,82,86]
Giftland	Motorpsycho	RATED (mk4) 0889 <97> <= [100,79,88]
Something In the Way	Nirvana	RATED (mk4) 0888 <97> <= [100,87,83,90]
Karma Police	Radiohead	RATED (mk4) 0887 <97> <= [100,89,81]
As Sure as the Sun	Black Rebel Motorcycle Club	RATED (mk4) 0887 <97> <= [100,86,83]
Time (2011 Remastered Version)	Pink Floyd	RATED (mk4) 0887 <97> <= [100,83,85]
Wiped Out	Archive	RATED (mk4) 0886 <97> <= [100,81]
Winter Winds	Mumford & Sons	RATED (mk4) 0886 <97> <= [100,81]
The Globalist	Muse	RATED (mk4) 0886 <97> <= [100,81]
Swallowed Up By The Ocean	Billy Talent	RATED (mk4) 0886 <97> <= [100,81]
Solstice	If These Trees Could Talk	RATED (mk4) 0886 <97> <= [100,81]
Punk Rock Song	Bad Religion	RATED (mk4) 0886 <97> <= [100,81]
Pearl Of The Stars	Coheed and Cambria	RATED (mk4) 0886 <97> <= [100,81]
Mothers of the Sun	Black Mountain	RATED (mk4) 0886 <97> <= [100,81]
Magna Carta	Jakob	RATED (mk4) 0886 <97> <= [100,81]
Cuts Marked In The March Of Men	Coheed and Cambria	RATED (mk4) 0886 <97> <= [100,81]
Contender	Marriages	RATED (mk4) 0886 <97> <= [100,81]
Akte VI	B R I Q U E V I L L E	RATED (mk4) 0886 <97> <= [100,81]
Deadman	Karnivool	RATED (mk4) 0886 <97> <= [100,78,88]
Tough Guy	Grails	RATED (mk4) 0884 <97> <= [100,85,83]
When Anger Shows	Editors	RATED (mk4) 0884 <97> <= [100,82,85]
Seance Room	God Is an Astronaut	RATED (mk4) 0884 <97> <= [83,92]
Gorecki	Lamb	RATED (mk4) 0882 <97> <= [84,91]
Face Of Melinda	Opeth	RATED (mk4) 0881 <97> <= [100,89,86,85]
Run Dry	Caspian	RATED (mk4) 0881 <97> <= [80,89,93,87]
Until Nothing Remains	Boysetsfire	RATED (mk4) 0880 <97> <= [100,80]
Unchained (Tales Of The Unexpected)	Anathema	RATED (mk4) 0880 <97> <= [100,80]
Twinkler	Baroness	RATED (mk4) 0880 <97> <= [100,80]
Stand and Feel Your Worth	Thrice	RATED (mk4) 0880 <97> <= [100,80]
Nostalgic for Guillotines	Boysetsfire	RATED (mk4) 0880 <97> <= [100,80]
Mladic	Godspeed You! Black Emperor	RATED (mk4) 0880 <97> <= [100,80]
Latter Day	Callisto	RATED (mk4) 0880 <97> <= [100,80]
Empty Room	Arcade Fire	RATED (mk4) 0880 <97> <= [100,80]
Darkfield	Caspian	RATED (mk4) 0880 <97> <= [100,80]
Atmosphere	Joy Division	RATED (mk4) 0880 <97> <= [100,80]
The Warmth	Incubus	RATED (mk4) 0880 <97> <= [88]
This Picture	Placebo	RATED (mk4) 0880 <97> <= [88]
The Spirit Lodge	Soup	RATED (mk4) 0880 <97> <= [88]
Spiders	System of a Down	RATED (mk4) 0880 <97> <= [88]
I Got a Fever	MOON	RATED (mk4) 0880 <97> <= [88]
Get Ready For Love	Nick Cave & The Bad Seeds	RATED (mk4) 0880 <97> <= [88]
Down With The Sickness	Disturbed	RATED (mk4) 0880 <97> <= [88]
The Bitter End	Placebo	RATED (mk4) 0880 <97> <= [88]
Ace Of Spades	Motörhead	RATED (mk4) 0880 <97> <= [88]
Go In	Warpaint	RATED (mk4) 0879 <97> <= [100,89,85,85]
Survive	Chelsea Wolfe	RATED (mk4) 0879 <97> <= [100,83,83]
Delicious	A Perfect Circle	RATED (mk4) 0879 <97> <= [87,84,91]
TalkTalk	A Perfect Circle	RATED (mk4) 0879 <97> <= [85,89,89]
The Way	The Butterfly Effect	RATED (mk4) 0878 <97> <= [80,93]
The Pot	Tool	RATED (mk4) 0876 <97> <= [93,84]
Addiction	Almighty	RATED (mk4) 0874 <97> <= [100,80,84]
Welcome, Ghosts	Explosions in the Sky	RATED (mk4) 0874 <97> <= [100,79]
Redesigned a Million Times	And So I Watch You From Afar	RATED (mk4) 0874 <97> <= [100,79]
Pretelethal	Coheed and Cambria	RATED (mk4) 0874 <97> <= [100,79]
Parabol	AMENRA	RATED (mk4) 0874 <97> <= [100,79]
An End Has A Start	Editors	RATED (mk4) 0874 <97> <= [100,79]
Take Out the Gunman	Chevelle	RATED (mk4) 0873 <97> <= [100,84,81]
Man Changing the Atoms	Carpet	RATED (mk4) 0873 <97> <= [100,84,81]
Everybody Hurts	R.E.M.	RATED (mk4) 0873 <97> <= [100,84,81]
Collective Soul - Shine	Collective Soul	RATED (mk4) 0873 <97> <= [100,81,83]
Eulogy	Tool	RATED (mk4) 0872 <97> <= [100,96,92,78,83]
You Wish	Oceansize	RATED (mk4) 0872 <97> <= [80,92]
Walk The Fleet Road	Editors	RATED (mk4) 0871 <96> <= [100,79,84]
Merkaba (live)                	Tool	RATED (mk4) 0871 <96> <= [80,90,90]
Let Me In	Beatsteaks	RATED (mk4) 0870 <96> <= [100,86,79]
Yesterday's Blowin' Back	Dead Meadow	RATED (mk4) 0870 <96> <= [87]
Splinters	Sparta	RATED (mk4) 0870 <96> <= [87]
Sing for Absolution	Muse	RATED (mk4) 0870 <96> <= [87]
An Ode to Death	Birds of Tokyo	RATED (mk4) 0870 <96> <= [87]
I Could Have Lied	Red Hot Chili Peppers	RATED (mk4) 0870 <96> <= [87]
The Start of Something Beautiful (Album Version)	Porcupine Tree	RATED (mk4) 0870 <96> <= [80,88,82,92]
Imagine	A Perfect Circle	RATED (mk4) 0869 <96> <= [100,78,84]
Welcome Change	Long Distance Calling	RATED (mk4) 0868 <96> <= [100,78]
Stranger	Black Map	RATED (mk4) 0868 <96> <= [100,78]
P.S. F**k You	The Anchoress	RATED (mk4) 0868 <96> <= [100,78]
Mountains (Live At Wembley)	Biffy Clyro	RATED (mk4) 0868 <96> <= [100,78]
The Misery Index	Boysetsfire	RATED (mk4) 0868 <96> <= [100,78]
Jerry Fuchs	Right Hand Left Hand	RATED (mk4) 0868 <96> <= [100,78]
It Only Took A Day (Album Version)	Dredg	RATED (mk4) 0868 <96> <= [100,78]
Song 2	Blur	RATED (mk4) 0867 <96> <= [100,85,79]
Octavia	Black Map	RATED (mk4) 0867 <96> <= [81,86,91]
Blackspots	65daysofstatic	RATED (mk4) 0867 <96> <= [80,87,91]
Hey, Johnny Park!	Foo Fighters	RATED (mk4) 0866 <96> <= [100,83,80]
Down In A Hole	Alice In Chains	RATED (mk4) 0864 <96> <= [100,84,79]
The Best	...And You Will Know Us By The Trail Of Dead	RATED (mk4) 0864 <96> <= [100,84,79]
The Guns of Brixton	The Clash	RATED (mk4) 0864 <96> <= [80,92,87]
Wooden Jesus	Temple Of The Dog	RATED (mk4) 0863 <96> <= [100,88,76]
Remember Tomorrow	Metallica	RATED (mk4) 0862 <96> <= [100,77]
The space between us	Dominik Eulberg & Gabriel Ananda	RATED (mk4) 0862 <96> <= [88,85]
Back to the Start	Anathema	RATED (mk4) 0861 <96> <= [100,86,78,87]
Way Through Woven Branches	ISIS	RATED (mk4) 0860 <96> <= [86]
Take this Bottle	Faith no More	RATED (mk4) 0860 <96> <= [86]
The Queen's Constellation	Junius	RATED (mk4) 0860 <96> <= [86]
Long the Desert Mile	Caspian	RATED (mk4) 0860 <96> <= [86]
Lithium	Nirvana	RATED (mk4) 0860 <96> <= [86]
Jesus Built My Hotrod	Ministry 	RATED (mk4) 0860 <96> <= [86]
Folding Stars (Live At Wembley)	Biffy Clyro	RATED (mk4) 0860 <96> <= [86]
Devil's Waitin'	Black Rebel Motorcycle Club	RATED (mk4) 0860 <96> <= [86]
Benighted	Opeth	RATED (mk4) 0860 <96> <= [86]
Spring MCMLXXIV	Opeth	RATED (mk4) 0860 <96> <= [80,90]
The Hollow	A Perfect Circle	RATED (mk4) 0860 <96> <= [80,90]
The Day the World Went Away	Nine Inch Nails	RATED (mk4) 0860 <96> <= [80,90]
Walk	Foo Fighters	RATED (mk4) 0859 <96> <= [100,87,82,83]
When The Sun Goes Down	Arctic Monkeys	RATED (mk4) 0859 <96> <= [100,82,79]
My Propeller	Arctic Monkeys	RATED (mk4) 0859 <96> <= [100,76,83]
A Thousand Shards of Heaven	Lunatic Soul	RATED (mk4) 0856 <95> <= [100,76]
Stay with Me	Thrice	RATED (mk4) 0856 <95> <= [100,76]
The Siren	Graveyard	RATED (mk4) 0856 <95> <= [100,76]
Mr. Tambourine Man	Bob Dylan	RATED (mk4) 0856 <95> <= [100,76]
It Belongs To Me	Sivert Høyem	RATED (mk4) 0856 <95> <= [82,88]
New Prague	Grails	RATED (mk4) 0854 <95> <= [100,79,80]
The Weight	Thrice	RATED (mk4) 0854 <95> <= [80,89]
Simple Death	Chelsea Wolfe	RATED (mk4) 0854 <95> <= [80,89]
Look Away Lucifer	Madrugada	RATED (mk4) 0854 <95> <= [80,89]
Harmonia	Jakob	RATED (mk4) 0854 <95> <= [80,89]
A Hail Of Bombs	Red Sparowes	RATED (mk4) 0854 <95> <= [80,89]
Get Fucked Stud	Biffy Clyro	RATED (mk4) 0854 <95> <= [80,89]
Conscious Life For Coma Boy	Aereogramme	RATED (mk4) 0854 <95> <= [80,89]
Arcs of Command	Caspian	RATED (mk4) 0854 <95> <= [80,89]
All I Know	Karnivool	RATED (mk4) 0854 <95> <= [80,89]
Pink Panther theme	Henry Mancini	RATED (mk4) 0851 <95> <= [100,84,82,83]
Hey I Like Being Stoned	Low	RATED (mk4) 0850 <95> <= [100,79,82,86]
Sewn And Silent	Karnivool	RATED (mk4) 0850 <95> <= [100,75]
The One	Cult of Luna	RATED (mk4) 0850 <95> <= [100,75]
You Can't Always Get What You Want	The Rolling Stones	RATED (mk4) 0850 <95> <= [85]
Rats	Pearl Jam	RATED (mk4) 0850 <95> <= [85]
One Of A Kind	Placebo	RATED (mk4) 0850 <95> <= [85]
Living Backwards	Aereogramme	RATED (mk4) 0850 <95> <= [85]
The Incident	Porcupine Tree	RATED (mk4) 0850 <95> <= [85]
The Earth Will Shake	Thrice	RATED (mk4) 0850 <95> <= [85]
Don't Ever Stop	The Boxer Rebellion	RATED (mk4) 0850 <95> <= [85]
Bulls on Parade	Rage Against the Machine	RATED (mk4) 0850 <95> <= [85]
Bete Noire	The Gutter Twins	RATED (mk4) 0850 <95> <= [85]
The Undertow	65daysofstatic	RATED (mk4) 0850 <95> <= [80,84,89]
Black Coffee	Rival Sons	RATED (mk4) 0849 <95> <= [80,85,88]
Nice To Know You	Incubus	RATED (mk4) 0848 <95> <= [89,82]
Old White Lincoln	The Gaslight Anthem	RATED (mk4) 0848 <95> <= [83,86]
Tempered With the Blood of Beasts	Capricorns	RATED (mk4) 0848 <95> <= [80,88]
The Ecstatics	Explosions In the Sky	RATED (mk4) 0848 <95> <= [80,88]
Book of Hours	Anekdoten	RATED (mk4) 0848 <95> <= [80,88]
Apollo I : The Writing Writer (Clean Album Version)	Coheed and Cambria	RATED (mk4) 0848 <95> <= [80,88]
Land of Sunshine	Faith no More	RATED (mk4) 0847 <95> <= [100,84,75]
Ether	Behind the Shadow Drops	RATED (mk4) 0846 <95> <= [100,79,85,83]
Death in Rebirth	MONO	RATED (mk4) 0846 <95> <= [80,84,88]
Fiddle and the Drum	A Perfect Circle	RATED (mk4) 0845 <95> <= [100,83,82,82]
Doxxx Yrself	65daysofstatic	RATED (mk4) 0844 <95> <= [80,91,83]
Too Late	Skena	RATED (mk4) 0844 <95> <= [79,88]
Tear You Up	The Pineapple Thief	RATED (mk4) 0842 <94> <= [80,87]
Monolith	65daysofstatic	RATED (mk4) 0842 <94> <= [80,87]
Jambi	Tool	RATED (mk4) 0842 <94> <= [80,87]
For Your Love	The Yardbirds	RATED (mk4) 0842 <94> <= [80,87]
The End Complete III: The End Complete	Coheed and Cambria	RATED (mk4) 0842 <94> <= [80,87]
Mountains	Biffy Clyro	RATED (mk4) 0840 <94> <= [100,86,72]
Washer (Remastered)	Slint	RATED (mk4) 0840 <94> <= [84]
Slipstream Summer	RLYR	RATED (mk4) 0840 <94> <= [84]
Sad Statue 	System of a Down	RATED (mk4) 0840 <94> <= [84]
Remember	Disturbed	RATED (mk4) 0840 <94> <= [84]
Only In My Tears It Lasts	Tiamat	RATED (mk4) 0840 <94> <= [84]
Oil And Water	Incubus	RATED (mk4) 0840 <94> <= [84]
Low End Insight	ASG	RATED (mk4) 0840 <94> <= [84]
Jaguar God	Mastodon	RATED (mk4) 0840 <94> <= [84]
House of the Rising Sun	The Album Leaf	RATED (mk4) 0840 <94> <= [84]
Hoist That Rag	Tom Waits	RATED (mk4) 0840 <94> <= [84]
Haze of Slate (Bonus Track)	Marriages	RATED (mk4) 0840 <94> <= [84]
The Hardest Button to Button	The White Stripes	RATED (mk4) 0840 <94> <= [84]
Apollo I: The Writing Writer	Coheed and Cambria	RATED (mk4) 0840 <94> <= [84]
The Middle	Jimmy Eat World	RATED (mk4) 0840 <94> <= [84,84]
Hammond	Wolf & Cub	RATED (mk4) 0838 <94> <= [82,85]
Efflorescent	BESIDES	RATED (mk4) 0836 <94> <= [92,82,79]
Color Me Once	Violent Femmes	RATED (mk4) 0836 <94> <= [89,80]
Work of Our Hands	A Mote Of Dust	RATED (mk4) 0836 <94> <= [80,86]
Standing In The Rain	Billy Talent	RATED (mk4) 0836 <94> <= [80,86]
Pistol of Fire	Kings of Leon	RATED (mk4) 0836 <94> <= [80,86]
People Who Eat Darkness	Steven Wilson	RATED (mk4) 0836 <94> <= [80,86]
Neurotica (Live in Chicago 28 June 2017)	King Crimson	RATED (mk4) 0836 <94> <= [80,86]
In My Place	Coldplay	RATED (mk4) 0833 <94> <= [100,88,69]
Night Diving	Thrice	RATED (mk4) 0832 <94> <= [100,72]
ManUNkind	Metallica	RATED (mk4) 0832 <94> <= [100,72]
Haavat	Circle	RATED (mk4) 0832 <94> <= [100,72]
They Say	Lou Rhodes	RATED (mk4) 0832 <94> <= [79,86]
1993	Tocotronic	RATED (mk4) 0830 <94> <= [83]
Weapon Of Choice	Black Rebel Motorcycle Club	RATED (mk4) 0830 <94> <= [83]
Tookit	BirdPen	RATED (mk4) 0830 <94> <= [83]
Song of Unborn	Steven Wilson	RATED (mk4) 0830 <94> <= [83]
Singularity	Jon Hopkins	RATED (mk4) 0830 <94> <= [83]
Powdered Wig Machine	Dessert Sessions	RATED (mk4) 0830 <94> <= [83]
A meaningful existence	Aereogramme	RATED (mk4) 0830 <94> <= [83]
Love me to the end (Acoustic)	Deine Lakaien	RATED (mk4) 0830 <94> <= [83]
Just a Man	Faith no More	RATED (mk4) 0830 <94> <= [83]
It Comes in Waves	Tuesday The Sky	RATED (mk4) 0830 <94> <= [83]
Firmament	The Ocean	RATED (mk4) 0830 <94> <= [83]
Deviant Burials	Crippled Black Phoenix	RATED (mk4) 0830 <94> <= [83]
Dark Side of Me (Einzinger and Sanchez Remix)	Coheed and Cambria	RATED (mk4) 0830 <94> <= [83]
Cross the Seas My New Disease	The ills	RATED (mk4) 0830 <94> <= [83]
The Chronicles Of A Bohemian Teenager [Part Two]	Get Cape. Wear Cape. Fly	RATED (mk4) 0830 <94> <= [83]
Caroline, Yes	Kaiser Chiefs	RATED (mk4) 0830 <94> <= [83]
Black Dog	Led Zeppelin	RATED (mk4) 0830 <94> <= [83]
Teenage Exorcists	Mogwai	RATED (mk4) 0830 <94> <= [80,85]
Seasons Past	The Pineapple Thief	RATED (mk4) 0830 <94> <= [80,85]
Rest My Chemistry	Interpol	RATED (mk4) 0830 <94> <= [80,85]
Calla	Russian Circles	RATED (mk4) 0830 <94> <= [80,85]
Bright Lights	Okta Logue	RATED (mk4) 0830 <94> <= [80,85]
Borealis / Contrastellar	65daysofstatic	RATED (mk4) 0830 <94> <= [80,85]
My Hero	Foo Fighters	RATED (mk4) 0829 <93> <= [100,82,72]
Gimme Some More	Busta Rhymes	RATED (mk4) 0829 <93> <= [100,82,72]
Today Dear	Warpaint	RATED (mk4) 0826 <93> <= [100,84,75,81]
Loralyn (And the River Lady Within)	Soup	RATED (mk4) 0824 <93> <= [83,82]
Would?	Alice In Chains	RATED (mk4) 0824 <93> <= [80,84]
Weakness	Opeth	RATED (mk4) 0824 <93> <= [80,84]
Vorel	Russian Circles	RATED (mk4) 0824 <93> <= [80,84]
Procellous	Caspian	RATED (mk4) 0824 <93> <= [80,84]
Living Is A Problem Because Everything Dies	Biffy Clyro	RATED (mk4) 0824 <93> <= [80,84]
Like a River	Long Distance Calling	RATED (mk4) 0824 <93> <= [80,84]
Like a Drug	Queens Of The Stone Age	RATED (mk4) 0824 <93> <= [80,84]
Iskra	Aelita Red	RATED (mk4) 0824 <93> <= [80,84]
Everybody Needs Somebody to Love	The Blues Brothers	RATED (mk4) 0824 <93> <= [80,84]
Daedalus	Thrice	RATED (mk4) 0824 <93> <= [80,84]
Choreography	Cire	RATED (mk4) 0824 <93> <= [80,84]
Afloat	Riverside	RATED (mk4) 0824 <93> <= [80,84]
I don't care as long as you sing	Beatsteaks	RATED (mk4) 0820 <93> <= [100,82,70]
We Got the Right	Helloween	RATED (mk4) 0820 <93> <= [82]
To the mountains	Satyricon	RATED (mk4) 0820 <93> <= [82]
There You Are	Aswekeepsearching	RATED (mk4) 0820 <93> <= [82]
Swallow	Belasco	RATED (mk4) 0820 <93> <= [82]
Set Your Arms Down	Warpaint	RATED (mk4) 0820 <93> <= [82]
Many Shades of Black	The Raconteurs	RATED (mk4) 0820 <93> <= [82]
Lines in the Sand	Sparta	RATED (mk4) 0820 <93> <= [82]
The Light & The Glass	Coheed and Cambria	RATED (mk4) 0820 <93> <= [82]
King George	Dover	RATED (mk4) 0820 <93> <= [82]
Killers (live)	Iron Maiden	RATED (mk4) 0820 <93> <= [82]
I Am A Revenant	The Distillers	RATED (mk4) 0820 <93> <= [82]
Halo Of Nembutals	The Mars Volta	RATED (mk4) 0820 <93> <= [82]
Ghost Key (Alt Demo Version)	ISIS	RATED (mk4) 0820 <93> <= [82]
Forest	System of a Down	RATED (mk4) 0820 <93> <= [82]
Die For Rock & Roll	Dover	RATED (mk4) 0820 <93> <= [82]
The Dark Sentencer	Coheed and Cambria	RATED (mk4) 0820 <93> <= [82]
Artifical Red	Mad Season	RATED (mk4) 0820 <93> <= [82]
The Air Near My Fingers	The White Stripes	RATED (mk4) 0820 <93> <= [82]
Starhammer	Motorpsycho	RATED (mk4) 0820 <93> <= [82,82]
So Long, and Thanks For All the Fish	A Perfect Circle	RATED (mk4) 0820 <93> <= [82,82]
Deesh	Mogwai	RATED (mk4) 0820 <93> <= [80,84,82]
Indiscretion #243	Aereogramme	RATED (mk4) 0819 <93> <= [80,82,83]
Scared and Alone	Crippled Black Phoenix	RATED (mk4) 0818 <93> <= [86,79]
Spit Out the Bone	Metallica	RATED (mk4) 0818 <93> <= [80,83]
A Loneliness	The Pineapple Thief	RATED (mk4) 0818 <93> <= [80,83]
Line Them All Up	Black Mountain	RATED (mk4) 0818 <93> <= [80,83]
Lazarus (Album Version)	Porcupine Tree	RATED (mk4) 0818 <93> <= [80,83]
In These Hands	The Butterfly Effect	RATED (mk4) 0818 <93> <= [80,83]
Hercules Climbs the White Mountain	Robin Foster	RATED (mk4) 0818 <93> <= [80,83]
Haunt	Black Rebel Motorcycle Club	RATED (mk4) 0818 <93> <= [80,83]
Everlong (Acoustic Version)	Foo Fighters	RATED (mk4) 0818 <93> <= [80,83]
Cusp of Eternity	Opeth	RATED (mk4) 0818 <93> <= [80,83]
CHEETAHT2 [Ld spectrum]	Aphex Twin	RATED (mk4) 0818 <93> <= [80,83]
The Birthday Party	Steven Wilson	RATED (mk4) 0818 <93> <= [80,83]
Fade Out	Rival Sons	RATED (mk4) 0817 <92> <= [80,83,82]
One armed boxer	Crippled Black Phoenix	RATED (mk4) 0816 <92> <= [100,79,71]
Trans Europa Express / Metall auf Metall / Abzug (3-D)	Kraftwerk	RATED (mk4) 0816 <92> <= [84,80]
Infinite Orbit	Explosions In the Sky	RATED (mk4) 0816 <92> <= [78,84]
Too Many Years	Iamthemorning	RATED (mk4) 0814 <92> <= [100,69]
Girl in Amber	Nick Cave & The Bad Seeds	RATED (mk4) 0814 <92> <= [100,69]
Ghostriders In the Sky (Bonus Track)	Children of Bodom	RATED (mk4) 0814 <92> <= [100,69]
Die Eier Von Satan	Tool	RATED (mk4) 0813 <92> <= [100,78,71]
Post Acid Youth	Amplifier	RATED (mk4) 0812 <92> <= [80,82]
Moving On	Lunatic Soul	RATED (mk4) 0812 <92> <= [80,82]
Mobius	A Tribe Called Quest	RATED (mk4) 0812 <92> <= [80,82]
Matmos	Amplifier	RATED (mk4) 0812 <92> <= [80,82]
House Of Valparaiso	Calexico	RATED (mk4) 0812 <92> <= [80,82]
Death Whispered a Lullaby	Opeth	RATED (mk4) 0812 <92> <= [80,82]
Angelica	Anathema	RATED (mk4) 0812 <92> <= [80,82]
Approaching Transition	Cult of Luna & Julie Christmas	RATED (mk4) 0811 <92> <= [80,78,84]
Unbelivable	The EMF	RATED (mk4) 0810 <92> <= [81]
Pity And Fear	Death Cab For Cutie	RATED (mk4) 0810 <92> <= [81]
One	Apocalyptica	RATED (mk4) 0810 <92> <= [81]
Of Joy	Besides	RATED (mk4) 0810 <92> <= [81]
No Medicine for Regret	Mogwai	RATED (mk4) 0810 <92> <= [81]
Near to Fire for Bricks	The Black Heart Rebellion	RATED (mk4) 0810 <92> <= [81]
Martyrs	Get Well Soon	RATED (mk4) 0810 <92> <= [81]
A Life Well Lived	Soup	RATED (mk4) 0810 <92> <= [81]
Hypnotize	The White Stripes	RATED (mk4) 0810 <92> <= [81]
A Forest (Acoustic)	The Cure	RATED (mk4) 0810 <92> <= [81]
Between the End and Where We Lie	Thrice	RATED (mk4) 0810 <92> <= [81]
Fiesta	The Pogues	RATED (mk4) 0808 <92> <= [85,78]
Susie Q	Creedence Clearwater Revival	RATED (mk4) 0806 <91> <= [80,81]
Summer Night Horizon	Anathema	RATED (mk4) 0806 <91> <= [80,81]
Set Fire to the Hive	Karnivool	RATED (mk4) 0806 <91> <= [80,81]
Sad Heart of Mine	Caspian	RATED (mk4) 0806 <91> <= [80,81]
Minion's Song	Amplifier	RATED (mk4) 0806 <91> <= [80,81]
Mach Schau	...And You Will Know Us By The Trail Of Dead	RATED (mk4) 0806 <91> <= [80,81]
The Caudal Lure	Karnivool	RATED (mk4) 0806 <91> <= [80,81]
Black Chandelier	Biffy Clyro	RATED (mk4) 0806 <91> <= [80,81]
Delta Of Venus	Anywhere	RATED (mk4) 0806 <91> <= [77,83]
Strip the Soul	Porcupine Tree	RATED (mk4) 0800 <91> <= [80]
The Pleasant Surprise	Intronaut	RATED (mk4) 0800 <91> <= [80]
Kætteren	Myrkur	RATED (mk4) 0800 <91> <= [80]
Innerverse	Nick Devon	RATED (mk4) 0800 <91> <= [80]
Stellar	MONO	RATED (mk4) 0800 <91> <= [80,80]
Stanislav Petrov	Right Hand Left Hand	RATED (mk4) 0800 <91> <= [80,80]
Optimistic	Radiohead	RATED (mk4) 0800 <91> <= [80,80]
A Natural Disaster	Anathema	RATED (mk4) 0800 <91> <= [80,80]
Jonestown Martin	Crippled Black Phoenix	RATED (mk4) 0800 <91> <= [80,80]
I Am The Morning	Oceansize	RATED (mk4) 0800 <91> <= [80,80]
Gemini	Black Map	RATED (mk4) 0800 <91> <= [80,80]
Blueprint for a Slow Machine	65daysofstatic	RATED (mk4) 0800 <91> <= [80,80]
The Autumn Effect	10 Years	RATED (mk4) 0800 <91> <= [80,80]
Pagan Poetry	Bjork	RATED (mk4) 0799 <91> <= [80,81,79]
No Really, Everything's Fine	Aereogramme	RATED (mk4) 0799 <91> <= [80,75,83]
Mindf****r	Monster Magnet	RATED (mk4) 0798 <91> <= [81,79]
Window and the Watcher	The Butterfly Effect	RATED (mk4) 0794 <90> <= [80,79]
Waking Up	10 Years	RATED (mk4) 0794 <90> <= [80,79]
A Ton Of Love	Editors	RATED (mk4) 0794 <90> <= [80,79]
Sur la planche 2013	La Femme	RATED (mk4) 0794 <90> <= [80,79]
Supermaster	A Place to Bury Strangers	RATED (mk4) 0794 <90> <= [80,79]
Roquefort (with Empire Horns)	Karnivool	RATED (mk4) 0794 <90> <= [80,79]
Landing Cliffs	Explosions In the Sky	RATED (mk4) 0794 <90> <= [80,79]
Kalahari Suite	Emmanuel Abdul-Rahim	RATED (mk4) 0794 <90> <= [80,79]
Home & Minor	Oceansize	RATED (mk4) 0794 <90> <= [80,79]
Hollow Bones, Pt. 1	Rival Sons	RATED (mk4) 0794 <90> <= [80,79]
Hickory'54	Caspian	RATED (mk4) 0794 <90> <= [80,79]
Halls of the Summer	Caspian	RATED (mk4) 0794 <90> <= [80,79]
Even Less	Porcupine Tree	RATED (mk4) 0794 <90> <= [80,79]
diskhat ALL prepared1mixed 13	Aphex Twin	RATED (mk4) 0794 <90> <= [80,79]
The Commotion (Big Time Party Maker)	Amplifier	RATED (mk4) 0794 <90> <= [80,79]
Afraid of Heights (Demo Version)	Billy Talent	RATED (mk4) 0794 <90> <= [80,79]
Positive Shadow, Negative Light	Behind the Shadow Drops	RATED (mk4) 0792 <90> <= [60,92]
Fancy	The Yeah Yeah Yeahs	RATED (mk4) 0790 <90> <= [100,65]
By and Down the River	A Perfect Circle	RATED (mk4) 0790 <90> <= [88,73,77]
Young Wicked	Chevelle	RATED (mk4) 0790 <90> <= [80,78,79]
9/15ths	Biffy Clyro	RATED (mk4) 0790 <90> <= [79]
X-Ray Mind	Mad Season	RATED (mk4) 0790 <90> <= [79]
Temporary Peace	Anathema	RATED (mk4) 0790 <90> <= [79]
Sinner In The Sea	Calexico	RATED (mk4) 0790 <90> <= [79]
Ramo verde	Radio Tarifa	RATED (mk4) 0790 <90> <= [79]
Pendulous Threads	Incubus	RATED (mk4) 0790 <90> <= [79]
Passive Aggressive	Placebo	RATED (mk4) 0790 <90> <= [79]
Overboard	Russian Circles	RATED (mk4) 0790 <90> <= [79]
Medea	God Is an Astronaut	RATED (mk4) 0790 <90> <= [79]
Lost In Hollywood	System of a Down	RATED (mk4) 0790 <90> <= [79]
In My Eyes	Rage Against The Machine	RATED (mk4) 0790 <90> <= [79]
I Want a Forest	Editors	RATED (mk4) 0790 <90> <= [79]
Hallelujah	Rufus Wainwright	RATED (mk4) 0790 <90> <= [79]
Gently	Slipknot	RATED (mk4) 0790 <90> <= [79]
Dickes B.	Seeed Feat. Black Kappa	RATED (mk4) 0790 <90> <= [79]
Deal With the Digger	Okta Logue	RATED (mk4) 0790 <90> <= [79]
The Botanist	Sleep	RATED (mk4) 0790 <90> <= [79]
The Birds	Elbow	RATED (mk4) 0790 <90> <= [79]
Bandoliers	Them Crooked Vultures	RATED (mk4) 0790 <90> <= [79]
Apocalypse Please	Muse	RATED (mk4) 0790 <90> <= [79]
Antitaxi	La Femme	RATED (mk4) 0790 <90> <= [79]
Real Estate	Cire	RATED (mk4) 0788 <90> <= [80,78]
Cocainium	Baroness	RATED (mk4) 0788 <90> <= [80,78]
Challenger Part 1 - Flight	We Lost the Sea	RATED (mk4) 0788 <90> <= [80,78]
Beats Like a Helix	65daysofstatic	RATED (mk4) 0788 <90> <= [80,78]
Abraham's Daughter	Arcade Fire	RATED (mk4) 0788 <90> <= [80,78]
Hidden Shadows	Herbie Hancock	RATED (mk4) 0784 <89> <= [100,64]
15 Step	Radiohead	RATED (mk4) 0782 <89> <= [80,77]
Wooden Scythe	The Old Wind	RATED (mk4) 0782 <89> <= [80,77]
Sister	Mark Lanegan Band	RATED (mk4) 0782 <89> <= [80,77]
Simple Boy	Karnivool	RATED (mk4) 0782 <89> <= [80,77]
Resilience	Lost in Kiev	RATED (mk4) 0782 <89> <= [80,77]
Really, How'd It Get This Way?	Crippled Black Phoenix	RATED (mk4) 0782 <89> <= [80,77]
Promises	Thrice	RATED (mk4) 0782 <89> <= [80,77]
Paris 2012 (Bonus Track)	La Femme	RATED (mk4) 0782 <89> <= [80,77]
Nadusilma	Ahmed Abdul-Malik	RATED (mk4) 0782 <89> <= [80,77]
Letters to the Metro	Mogwai	RATED (mk4) 0782 <89> <= [80,77]
Insomnia	Lost in Kiev	RATED (mk4) 0782 <89> <= [80,77]
Heaven Knows	Boysetsfire	RATED (mk4) 0782 <89> <= [80,77]
Eagle Tax	Mogwai	RATED (mk4) 0782 <89> <= [80,77]
By Your Side	Warpaint	RATED (mk4) 0782 <89> <= [80,77]
Bolivian Ending (feat. Danny Carey & Jimmy Earle)	Rajas	RATED (mk4) 0782 <89> <= [80,77]
Atlas, Rise!	Metallica	RATED (mk4) 0782 <89> <= [80,77]
#Addicted	Riverside	RATED (mk4) 0782 <89> <= [80,77]
Wedding Nails	Porcupine Tree	RATED (mk4) 0780 <89> <= [78]
Takk...	Sigur Rós	RATED (mk4) 0780 <89> <= [78]
Special N	Mogwai	RATED (mk4) 0780 <89> <= [78]
Knocked Up	Kings of Leon	RATED (mk4) 0780 <89> <= [78]
Ithica 27 Ø 9	Mogwai	RATED (mk4) 0780 <89> <= [78]
Fades The Sun	The Duke Spirit	RATED (mk4) 0780 <89> <= [78]
Autobahn (3-D)	Kraftwerk	RATED (mk4) 0780 <89> <= [78]
Running battle	Kasabian	RATED (mk4) 0780 <89> <= [78,78]
The Law	Editors	RATED (mk4) 0780 <89> <= [60,84,86]
21st Century Schizoid Man (Live in Chicago 28 June 2017)	King Crimson	RATED (mk4) 0776 <89> <= [80,76]
Umbra	Karnivool	RATED (mk4) 0776 <89> <= [80,76]
Momentum	Long Distance Calling	RATED (mk4) 0776 <89> <= [80,76]
Love me to the end	Deine Lakaien	RATED (mk4) 0774 <88> <= [81,75]
The Contrarian	A Perfect Circle	RATED (mk4) 0772 <88> <= [70,82]
Whistleblower	Thrice	RATED (mk4) 0770 <88> <= [80,75]
March of the Samsara	Junius	RATED (mk4) 0770 <88> <= [80,75]
Death Rays	Mogwai	RATED (mk4) 0770 <88> <= [80,75]
Dance Little Liar	Arctic Monkeys	RATED (mk4) 0770 <88> <= [80,75]
River of Deceit	Mad Season	RATED (mk4) 0770 <88> <= [77]
A New Architecture	Trevor de Brauw	RATED (mk4) 0770 <88> <= [77]
McFearless	Kings of Leon	RATED (mk4) 0770 <88> <= [77]
Frustrated Operator	A Place to Bury Strangers	RATED (mk4) 0770 <88> <= [77]
Antenne (3-D)	Kraftwerk	RATED (mk4) 0770 <88> <= [77]
Out There	Long Distance Calling	RATED (mk4) 0768 <88> <= [72,80]
China Girl	David Bowie	RATED (mk4) 0768 <88> <= [60,88]
Nineteen Hundred Ninety Three AD	Tocotronic	RATED (mk4) 0764 <87> <= [83,72]
Head Like a Haunted House	Queens of the Stone Age	RATED (mk4) 0764 <87> <= [80,74]
A Brain in a Bottle	Thom Yorke	RATED (mk4) 0764 <87> <= [80,74]
Get the Lead Out	A Perfect Circle	RATED (mk4) 0760 <87> <= [82,72]
My Thieving Heart (feat. Marie Munroe)	Sivert Høyem	RATED (mk4) 0760 <87> <= [76]
Creek Mary's Blood	Nightwish	RATED (mk4) 0760 <87> <= [76]
The Unlikely Event of a Water Landing	Intronaut	RATED (mk4) 0760 <87> <= [76,76]
Voluntary Slavery	Beardfish	RATED (mk4) 0760 <87> <= [60,80,84]
Waking Season	Caspian	RATED (mk4) 0758 <87> <= [80,73]
Voodoo In My Blood	Massive Attack & Young Fathers	RATED (mk4) 0758 <87> <= [80,73]
Sleepwalk City	65daysofstatic	RATED (mk4) 0758 <87> <= [80,73]
Sense of Fear	The Pineapple Thief	RATED (mk4) 0758 <87> <= [80,73]
Perfect Day	Lou Reed	RATED (mk4) 0758 <87> <= [80,73]
Opposite	Biffy Clyro	RATED (mk4) 0758 <87> <= [80,73]
In Every Mind	Red Sparowes	RATED (mk4) 0758 <87> <= [80,73]
Darvaz	Right Hand Left Hand	RATED (mk4) 0758 <87> <= [80,73]
This Place Is a Dream	Soup	RATED (mk4) 0756 <87> <= [66,82]
Pretty Face	Rival Sons	RATED (mk4) 0752 <86> <= [80,72]
The National Anthem	Radiohead	RATED (mk4) 0752 <86> <= [80,72]
Four Walled World	Temple Of The Dog	RATED (mk4) 0752 <86> <= [80,72]
Avalanche	Ohgod!	RATED (mk4) 0752 <86> <= [80,72]
Atlantic	Thrice	RATED (mk4) 0752 <86> <= [80,72]
Stamp Of Origin: Horizon	Dredg	RATED (mk4) 0750 <86> <= [75]
La femme	La Femme	RATED (mk4) 0750 <86> <= [75]
Deja Voodoo	Kenny Wayne Shepherd	RATED (mk4) 0750 <86> <= [75]
Mlàdek	Russian Circles	RATED (mk4) 0750 <86> <= [60,85]
Take It There	Massive Attack, Tricky & 3D	RATED (mk4) 0746 <85> <= [80,71]
Mostly Waving	Emily Haines	RATED (mk4) 0746 <85> <= [80,71]
Code	Black Map	RATED (mk4) 0746 <85> <= [80,71]
Hypsoline	La Femme	RATED (mk4) 0744 <85> <= [76,69,77]
Rowing	Soundgarden	RATED (mk4) 0744 <85> <= [60,84]
Pulsar	Earthlimb	RATED (mk4) 0744 <85> <= [60,84]
King	TesseracT	RATED (mk4) 0742 <85> <= [64,81]
Storyteller (feat. Jordan Rudess)	Gleb Kolyadin	RATED (mk4) 0740 <85> <= [80,70]
Magnolia	The Pineapple Thief	RATED (mk4) 0740 <85> <= [80,70]
Cure For Optimism	Porcupine Tree	RATED (mk4) 0740 <85> <= [80,70]
Hourglass	A Perfect Circle	RATED (mk4) 0740 <85> <= [79,72,72]
When	Taproot	RATED (mk4) 0740 <85> <= [74]
Shadows	Warpaint	RATED (mk4) 0740 <85> <= [74]
Information	Dredg	RATED (mk4) 0740 <85> <= [74]
I Play A Song For You	Sioen	RATED (mk4) 0740 <85> <= [74]
Heartattack In a Layby	Porcupine Tree	RATED (mk4) 0740 <85> <= [74]
From Bollywood To Battersea (War Child)	Baby Shambles	RATED (mk4) 0740 <85> <= [74]
Friday On My Mind	Gary Moore	RATED (mk4) 0740 <85> <= [74]
The Arrow	TesseracT	RATED (mk4) 0740 <85> <= [74]
Eat the Elephant	A Perfect Circle	RATED (mk4) 0740 <85> <= [68,78]
Hybrid Times	Riverside	RATED (mk4) 0738 <84> <= [60,83]
The Gravedigger's Song	Mark Lanegan Band	RATED (mk4) 0738 <84> <= [60,83]
This Is Hardcore	Pulp	RATED (mk4) 0737 <84> <= [40,83,90]
Yellow Theme	Baroness	RATED (mk4) 0734 <84> <= [80,69]
Scarabs	Karnivool	RATED (mk4) 0734 <84> <= [80,69]
Maras	Ilydaen	RATED (mk4) 0734 <84> <= [80,69]
Hardwired	Metallica	RATED (mk4) 0734 <84> <= [80,69]
The Evil Has Landed	Queens of the Stone Age	RATED (mk4) 0734 <84> <= [80,69]
Destroyer	Kevin Morby	RATED (mk4) 0734 <84> <= [80,69]
Zero Tolerance (Demo)	Death	RATED (mk4) 0732 <84> <= [60,82]
Emerald Rush	Jon Hopkins	RATED (mk4) 0730 <84> <= [79,69]
.3	Porcupine Tree	RATED (mk4) 0730 <84> <= [73]
Part Eleven	Paul Kalkbrenner	RATED (mk4) 0730 <84> <= [73]
Follow Me	Deine Lakaien	RATED (mk4) 0730 <84> <= [73]
Can't Keep	Eddie Vedder	RATED (mk4) 0730 <84> <= [73]
Feathers	A Perfect Circle	RATED (mk4) 0730 <84> <= [70,75]
I Want Love	Simo	RATED (mk4) 0730 <84> <= [40,85,87]
The Stall	Warpaint	RATED (mk4) 0728 <83> <= [80,68]
Long live independence	Crippled Black Phoenix	RATED (mk4) 0726 <83> <= [80,81,62]
Winning a Losing Battle	Crippled Black Phoenix	RATED (mk4) 0726 <83> <= [60,81]
Rebirthmark	Vennart	RATED (mk4) 0726 <83> <= [60,81]
Morningstar	Baroness	RATED (mk4) 0726 <83> <= [60,81]
Bathyalpelagic III: Disequillibrated (Instrumental)	The Ocean	RATED (mk4) 0726 <83> <= [60,81]
Kosmos (Grooves of Triumph)	Amplifier	RATED (mk4) 0722 <83> <= [80,67]
Cataracts	Thrice	RATED (mk4) 0722 <83> <= [80,67]
Seatbelt Hands (Instrumental)	Listener	RATED (mk4) 0720 <82> <= [72]
Mannish Boy	Muddy Waters	RATED (mk4) 0720 <82> <= [72]
God & Satan (Live At Wembley)	Biffy Clyro	RATED (mk4) 0720 <82> <= [72]
Glass Arm Shattering (Album Version)	Porcupine Tree	RATED (mk4) 0720 <82> <= [72]
Fast Slow Disco	St. Vincent	RATED (mk4) 0720 <82> <= [72]
Breaking the Broken	Sparta	RATED (mk4) 0720 <82> <= [72]
Alone-Together	John Wesley	RATED (mk4) 0720 <82> <= [72]
The Wreckers	Rush	RATED (mk4) 0720 <82> <= [60,80]
Who's Got a Match? (Live At Wembley)	Biffy Clyro	RATED (mk4) 0718 <82> <= [76,69]
Lannoy Point	Ride	RATED (mk4) 0716 <82> <= [80,66]
Can't Let Go	Anathema	RATED (mk4) 0714 <82> <= [80,59,74]
Leave This Island	Maxïmo Park	RATED (mk4) 0714 <82> <= [60,79]
Under the Pillow	Riverside	RATED (mk4) 0710 <81> <= [80,65]
Collapse the Light Into Earth	Porcupine Tree	RATED (mk4) 0710 <81> <= [71]
Cler Achel (War Child)	Tinariwen	RATED (mk4) 0710 <81> <= [71]
Chrysalism	And So I Watch You From Afar	RATED (mk4) 0710 <81> <= [71]
End Moraine	Sparta	RATED (mk4) 0706 <81> <= [82,63]
Angel In Disguise	Minus	RATED (mk4) 0706 <81> <= [73,69]
Detonation	Steven Wilson	RATED (mk4) 0704 <80> <= [80,64]
Magazine	Editors	RATED (mk4) 0702 <80> <= [63,75]
Prisms	65daysofstatic	RATED (mk4) 0702 <80> <= [60,77]
It's Natural To Be Afraid	Explosions in the Sky	RATED (mk4) 0702 <80> <= [60,77]
That Golden Rule (Live At Wembley)	Biffy Clyro	RATED (mk4) 0700 <80> <= [70]
Syncope	Sparta	RATED (mk4) 0700 <80> <= [70]
Prodigal	Porcupine Tree	RATED (mk4) 0700 <80> <= [70]
Love's Not A Competition (But I'm Winning)	Kaiser Chiefs	RATED (mk4) 0700 <80> <= [70]
The Creator Has a Mastertape	Porcupine Tree	RATED (mk4) 0700 <80> <= [70]
Wizard Motor	Mogwai	RATED (mk4) 0698 <80> <= [80,63]
Catastrophe And The Cure	Explosions in the Sky	RATED (mk4) 0696 <79> <= [60,76]
What Is Your Landmass?	Dianogah	RATED (mk4) 0690 <79> <= [69]
Two Trains	Yo La Tengo	RATED (mk4) 0690 <79> <= [69]
Hail To The Freaks	Beatsteaks	RATED (mk4) 0690 <79> <= [69]
Fractured	Lunatic Soul	RATED (mk4) 0690 <79> <= [69]
Electric Guitar	Tocotronic	RATED (mk4) 0690 <79> <= [69]
Born on a Different Cloud	Oasis	RATED (mk4) 0690 <79> <= [69]
Bees	Warpaint	RATED (mk4) 0690 <79> <= [69]
Autumn Sweater	Yo La Tengo	RATED (mk4) 0690 <79> <= [69]
All the Way Down / Prologue Chapter 1 (Live At Wembley)	Biffy Clyro	RATED (mk4) 0690 <79> <= [69]
The Mercy Seat [Acoustic Version]	Nick Cave & The Bad Seeds	RATED (mk4) 0690 <79> <= [63,73]
Saturday Come Slow	Massive Attack	RATED (mk4) 0690 <79> <= [60,75]
Relative Hysteria	Mogwai	RATED (mk4) 0690 <79> <= [60,75]
The Wasteland - ego sto solus -	...And You Will Know Us By The Trail Of Dead	RATED (mk4) 0689 <78> <= [60,76,70]
Fast Worms	Intronaut	RATED (mk4) 0686 <78> <= [80,61]
Cirkus (Live in Chicago 28 June 2017)	King Crimson	RATED (mk4) 0686 <78> <= [80,61]
We Can Work It Out	The Beatles	RATED (mk4) 0680 <77> <= [68]
Shimmy	System of a Down	RATED (mk4) 0680 <77> <= [68]
On the Verge	Long Distance Calling	RATED (mk4) 0680 <77> <= [68]
Guns of Memorial Park	Sparta	RATED (mk4) 0680 <77> <= [68]
Easy Money (Live in Chicago 28 June 2017)	King Crimson	RATED (mk4) 0680 <77> <= [68]
Bongo Bong	Manu Chao	RATED (mk4) 0680 <77> <= [68]
Precious Stones	Mastodon	RATED (mk4) 0678 <77> <= [60,73]
Monday	Blaudzun	RATED (mk4) 0678 <77> <= [60,73]
Helpless (Live at Rasputin Music, Berkeley, CA - April 16th, 2016)	Metallica	RATED (mk4) 0674 <76> <= [80,59]
Black Dust	O.R.k.	RATED (mk4) 0674 <76> <= [80,59]
Mystery Train (Concert Version) [Feat. Paul Butterfield]	The Band	RATED (mk4) 0672 <76> <= [60,72]
L'estasi dell'oro (From "Il buono, il brutto e il cattivo")	Ennio Morricone	RATED (mk4) 0672 <76> <= [60,72]
Will-O-the-Wisp (feat. Crippled Black Phoenix)	Crippled Black Phoenix	RATED (mk4) 0670 <76> <= [67]
War Pigs (live at last)	Black Sabbath	RATED (mk4) 0670 <76> <= [67]
Awake	Godsmack	RATED (mk4) 0670 <76> <= [67]
Morning Bell	Radiohead	RATED (mk4) 0667 <76> <= [40,84,73]
Intro (I'm Falling Down)	Daniel Spaleniak	RATED (mk4) 0666 <75> <= [60,71]
The Doomsday Book	...And You Will Know Us By The Trail Of Dead	RATED (mk4) 0666 <75> <= [60,71]
All Your Life	Blur	RATED (mk4) 0666 <75> <= [60,71]
The Refusal	Karnivool	RATED (mk4) 0663 <75> <= [60,70,68]
Persephone	Opeth	RATED (mk4) 0660 <75> <= [66]
Sacrifice	Dälek	RATED (mk4) 0660 <75> <= [60,70]
Nub City	Right Hand Left Hand	RATED (mk4) 0660 <75> <= [60,70]
High Lonesome	Caspian	RATED (mk4) 0660 <75> <= [60,70]
Hypersleep	65daysofstatic	RATED (mk4) 0658 <74> <= [40,83]
Persephone (Slight Return)	Opeth	RATED (mk4) 0657 <74> <= [80,60,60]
Taumbu	Dawan Muhammad	RATED (mk4) 0654 <74> <= [60,69]
Cold And Ugly [Live]	Tool	RATED (mk4) 0654 <74> <= [60,69]
Ancient Kingdom	Mastodon	RATED (mk4) 0654 <74> <= [60,69]
The Alchemist	Black Light Burns	RATED (mk4) 0654 <74> <= [60,69]
My Enemies I Fear Not But, Protect Me From My Friends	Crippled Black Phoenix	RATED (mk4) 0650 <73> <= [65]
La Cerca	Sparta	RATED (mk4) 0650 <73> <= [65]
Impermanence	Ride	RATED (mk4) 0650 <73> <= [65]
Ich würd's dir sagen	Tocotronic	RATED (mk4) 0650 <73> <= [65]
Descent of the Night Bison	RLYR	RATED (mk4) 0650 <73> <= [65]
R U Still In 2 It?	Mogwai	RATED (mk4) 0648 <73> <= [60,68]
Hope Unfolds	Aswekeepsearching	RATED (mk4) 0647 <73> <= [63,66,65]
All That I Want	Rival Sons	RATED (mk4) 0642 <72> <= [60,67]
Akiko	Caspian	RATED (mk4) 0642 <72> <= [60,67]
Heir to the Continent	Aelita Red	RATED (mk4) 0640 <72> <= [64]
Bury Me In Smoke  (LP Version)	Down	RATED (mk4) 0640 <72> <= [64]
Color Code	Palm	RATED (mk4) 0636 <71> <= [60,66]
Lips of Ashes	Porcupine Tree	RATED (mk4) 0630 <70> <= [63]
Born On A Horse	Biffy Clyro	RATED (mk4) 0630 <70> <= [63]
Taipei	65daysofstatic	RATED (mk4) 0626 <70> <= [80,51]
Baroness	Wolfmother	RATED (mk4) 0626 <70> <= [60,69,60]
Disillusioned	A Perfect Circle	RATED (mk4) 0626 <70> <= [48,63,72]
Leaves	Nicolas Jaar	RATED (mk4) 0620 <69> <= [80,50]
Travel by Bloodline	Sparta	RATED (mk4) 0620 <69> <= [62]
Rain Street	The Pogues	RATED (mk4) 0620 <69> <= [62]
Memoirs of an Imaginary Friend	Soup	RATED (mk4) 0620 <69> <= [62]
Hiss the Villain	Sparta	RATED (mk4) 0620 <69> <= [62]
Ezmerelda Steals the Show	Jack White	RATED (mk4) 0620 <69> <= [62]
Black Spider 2	Mogwai	RATED (mk4) 0620 <69> <= [62]
Basement	Puddle of Mudd	RATED (mk4) 0620 <69> <= [62]
Whateva Will Be	A Tribe Called Quest	RATED (mk4) 0619 <69> <= [60,62,63]
Under Will (Bonus Track)	Marriages	RATED (mk4) 0618 <69> <= [60,63]
Elysian Gold	Amplifier	RATED (mk4) 0618 <69> <= [60,63]
Ice Station Zebra	Jack White	RATED (mk4) 0614 <68> <= [56,65]
An Deireadh Sceal	Clann Zu	RATED (mk4) 0612 <68> <= [60,62]
Nothing	Editors	RATED (mk4) 0610 <67> <= [61]
Interlude (Live in Chicago 28 June 2017)	King Crimson	RATED (mk4) 0610 <67> <= [61]
CHEETA1b ms800	Aphex Twin	RATED (mk4) 0608 <67> <= [80,48]
Few Understand	Dälek	RATED (mk4) 0606 <67> <= [60,61]
Door to Door Cannibals	Chevelle	RATED (mk4) 0606 <67> <= [60,61]
(Didn't What You Want) Happen	Palm	RATED (mk4) 0606 <67> <= [60,61]
Time and a Half	Mogwai	RATED (mk4) 0600 <66> <= [60]
Novacaine	10 Years	RATED (mk4) 0600 <66> <= [60]
The Heat is On	Gloria Gaynor	RATED (mk4) 0600 <66> <= [60]
Cyanide	Metallica	RATED (mk4) 0600 <66> <= [60]
Always Ascending	Franz Ferdinand	RATED (mk4) 0600 <66> <= [60]
Unleash The Sands Of All Time	Lost Alone	RATED (mk4) 0590 <64> <= [59]
piano un10 it happened	Aphex Twin	RATED (mk4) 0590 <64> <= [59]
From the Black Soil Poetry and Song Sprang	Trevor de Brauw	RATED (mk4) 0590 <64> <= [59]
Lost Somebody	A Tribe Called Quest	RATED (mk4) 0588 <64> <= [60,58]
Lords of Summer	Metallica	RATED (mk4) 0588 <64> <= [60,58]
Everyday Is Like Sunday	Morrissey	RATED (mk4) 0588 <64> <= [60,58]
Paralyzing Kings	10 Years	RATED (mk4) 0587 <64> <= [40,62,69]
The Four Horsemen (Live at Rasputin Music, Berkeley, CA - April 16th, 2016)	Metallica	RATED (mk4) 0586 <64> <= [60,32,78,63]
Separation No. 2	Caspian	RATED (mk4) 0586 <64> <= [40,71]
I Don't Know Anything	Mad Season	RATED (mk4) 0580 <63> <= [60,68,50]
Symbolic Acts (Demo)	Death	RATED (mk4) 0580 <63> <= [58]
Rise of the Giant	Legend Of The Seagullmen	RATED (mk4) 0580 <63> <= [58]
Resolve	Beth Gibbons & Rustin Man	RATED (mk4) 0580 <63> <= [58]
Don't Waste Time	Simo	RATED (mk4) 0580 <63> <= [58]
Crystal Mountain	Death	RATED (mk4) 0580 <63> <= [58]
Born To Be A Dancer	Kaiser Chiefs	RATED (mk4) 0580 <63> <= [58]
Invisible Worlds	Black Map	RATED (mk4) 0578 <63> <= [62,55]
Cracks in the Mirror	A Mote Of Dust	RATED (mk4) 0576 <62> <= [60,56]
Glass Eyes	Radiohead	RATED (mk4) 0574 <62> <= [40,69]
Double Dare	Bauhaus	RATED (mk4) 0574 <62> <= [40,69]
What Are They Doing In Heaven Today?	Mogwai	RATED (mk4) 0570 <61> <= [60,55]
No French Quarter	Anywhere	RATED (mk4) 0570 <61> <= [57]
Kuolema Tekee Taiteilijan	Nightwish	RATED (mk4) 0568 <61> <= [64,52]
Indie Rock And Roll	The Killers	RATED (mk4) 0560 <60> <= [56]
Death in the Family	Sparta	RATED (mk4) 0560 <60> <= [56]
I Will	Radiohead	RATED (mk4) 0559 <60> <= [40,67,59]
Water	Kevin Morby	RATED (mk4) 0556 <59> <= [40,66]
Illumine	Karnivool	RATED (mk4) 0552 <59> <= [60,52]
Equal Night	Caspian	RATED (mk4) 0552 <59> <= [60,52]
Nightclubbing	Iggy Pop	RATED (mk4) 0550 <58> <= [40,65]
TNT	Tortoise	RATED (mk4) 0544 <57> <= [40,64]
Mantra	Tool	RATED (mk4) 0540 <57> <= [60,50]
Little Things	Baroness	RATED (mk4) 0534 <56> <= [40,69,52]
Breathe	The Pineapple Thief	RATED (mk4) 0532 <56> <= [40,62]
Over and Over and Over	Jack White	RATED (mk4) 0530 <55> <= [53]
DLB	A Perfect Circle	RATED (mk4) 0524 <54> <= [44,58]
Soir De Fete	Yann Tiersen	RATED (mk4) 0520 <54> <= [52]
diskhat1	Aphex Twin	RATED (mk4) 0520 <54> <= [52]
Oceans Have No Memory	Porcupine Tree	RATED (mk4) 0514 <53> <= [40,59]
Ocean of Night	Editors	RATED (mk4) 0514 <53> <= [40,59]
This Is A Call	Foo Fighters	RATED (mk4) 0508 <52> <= [40,58]
Aeternum Vale	Caspian	RATED (mk4) 0508 <52> <= [40,58]
Boogie With Stu	Led Zeppelin	RATED (mk4) 0502 <51> <= [40,57]
The Power Game	Anne Clark	RATED (mk4) 0500 <51> <= [50]
Great Expectations	Porcupine Tree	RATED (mk4) 0500 <51> <= [50]
Darkness at the Door	Editors	RATED (mk4) 0490 <49> <= [49]
Amoeba	Adolescents	RATED (mk4) 0490 <49> <= [40,55]
The Donald	A Tribe Called Quest	RATED (mk4) 0480 <47> <= [48]
New Horizons (feat. Isgaard)	Single Celled Organism	RATED (mk4) 0477 <47> <= [80,51,24]
Tv-Show	Single Celled Organism	RATED (mk4) 0472 <46> <= [40,52]
I Only Lie When I Love You	Royal Blood	RATED (mk4) 0470 <46> <= [47]
Movin Backwards	A Tribe Called Quest	RATED (mk4) 0466 <45> <= [40,51]
A Sudden Intake of Breath	Clann Zu	RATED (mk4) 0460 <44> <= [40,50]
29 #Strafford APTS	Bon Iver	RATED (mk4) 0448 <42> <= [40,48]
Truth Ray	Thom Yorke	RATED (mk4) 0440 <41> <= [44]
Forced Hand	Palm	RATED (mk4) 0440 <41> <= [44]
Rivers of Ice (feat. Catherine A.D.)	The Anchoress	RATED (mk4) 0432 <40> <= [60,32]
Territorial Pissings (Boombox Rehearsals)	Nirvana	RATED (mk4) 0428 <39> <= [20,58]
History Lesson	Nicolas Jaar	RATED (mk4) 0408 <36> <= [60,28]
I'm Above	Mad Season	RATED (mk4) 0400 <35> <= [40]
So Long, Lonesome	Explosions in the Sky	RATED (mk4) 0394 <34> <= [40,39]
Telepaths & Pyramids	Junius	RATED (mk4) 0390 <34> <= [39]
10 d E A T h b R E a s T ⚄ ⚄	Bon Iver	RATED (mk4) 0388 <33> <= [40,38]
Beautiful Sister	Motorpsycho	RATED (mk4) 0362 <29> <= [20,47]
Everlast (feat. Ndidi O)	Robin Foster	RATED (mk4) 0340 <26> <= [40,30]
My Lost Lenore	Tristania	RATED (mk4) 0330 <25> <= [33]
Glasgarten	Goethes Erben	RATED (mk4) 0310 <22> <= [31]
Untitled	Radiohead	RATED (mk4) 0296 <21> <= [40,32,21]
[Drill Sergeant]	Muse	RATED (mk4) 0280 <19> <= [40,20]
There's No Such Thing As a Jaggy Snake (Live At Wembley)	Biffy Clyro	RATED (mk4) 0280 <19> <= [28]
32.63N 117.14W	Anathema	RATED (mk4) 0120 <4> <= [12]